1,07-06-2024,03:01:38,gAAAAABmYlvyBD0svh0wjoG4dQWb0k4BW2DUi8YH1ED1wSB1pyQeZb5dK7GmxBKNHGVj_rfxcO-Du5TwRCwkAKGgPMzHL02Brw==,gAAAAABmYlvy6P90xByy6RypPG4KWzRqouCLlW8AKYuiUfxA-ZvhGBJO2ONF2NJ7VHDRY53ADjcP4H1BEnLxa3GzYRXt0CC67Q==,gAAAAABmYlvyTg1a0XmD1lH0xX8ouwVOtMzwZXRdS4hwGK42EbSAheayTNf4lHa7b8vBlTrLwmwW8on_TjNauTM1kLZ1le7ryw==,gAAAAABmYlvyWGNfaEY7XbOUudbPYVv0E4iBHaJOPUilXlpQWqsolt_LoWspzg5CaDMMCj2WkNhYpK6IHbE7ZIEBdwtwQuLpFQ==
2,07-06-2024,03:39:04,gAAAAABmYmS4heFeg60FjmKfgvxeY50JhN_k1-W1BYG3yF1-s2NxpQd5ru4WCCG1eD4DFCoK9rEYjanKTvx2hlmWIvzSjGQz5Q==,gAAAAABmYmS4FQ6egpNc1MmiyGsREyyUYhncpPTNtcC2yrv_PcmhCTGZPHoqccSUUAwK80sDkcWrbd7iD1plhYYOGD3KWRBnAP9gjYvQ380ql2qlCKOWtNI=,gAAAAABmYmS47L3WoAKbxonyXuA3SUjYt5hNr_ebtwQ7z8bOTF2qZrdQL9XISSmI5PtCIUidYkyvrA4HiXo8f5PqMoTQPNYPag==,gAAAAABmYmS4qw61EgXnu2IkTVGHXCo96ROwKy8rQilqZQmfmVQ5fqqF83PMX-O-S7PRHMO6qPgc6ugzFFi7sEqn9Epw34h_fw==
3,07-06-2024,03:39:16,gAAAAABmYmTEKmWdNaFHxRQnN0poJiubbmBXBzl5NLiEo6UqPaS3Stk0cXbEffBD1cic34Q2C-f-MwGTdEyLNxuap7rWEjktEA==,gAAAAABmYmTEndLXld091pyYAeIYYqdKcgyMoEyWDzIvpmP8kIQHyovhLldZUT-dCvY9bWigyBvQ2LcdzLhjZnMicNadQ47vnA==,gAAAAABmYmTE-43pjFF-gngCPEN8aMjWsGg-ZIrXp5oB8RXq5XBaK4P3aDTL0IDJJkZOsrCI6HA72ykkOsJ3MSm6aAH02OfGpw==,gAAAAABmYmTEo8I-fSxLGcSXOU3hOP-cadqNR7oi_Uipp0ThWw3RVorhIbvrbDBQ0NSdqivrsmv5mUgS1-co2T3cBwKFCFst2w==
4,07-06-2024,03:44:23,gAAAAABmYmX31M9Y99E6VMP6B6tFsnjWhFkOac88BCAab-P5o_CvFiiGPy3_cL6DleZjvyDWp6hfo80ouzpyR1l8JUmNZEJAJA==,gAAAAABmYmX3zuvh_zVK6EImDQoDr3d7-907FMoGaJYRQWLPSclwKOTmSx8LkmdkGfYkoVpIknaz1_IkVcuRaZpJWKw5xPjoDfZzc8OWsQZlBqJlvLZZ5zg=,gAAAAABmYmX38PzGaTgaHZUkqMapQnBpT6_Zi6UHYqBPhQPcjZOO143UZYlek2RsV1liwt9zHvzt69jQiSzB71RKXCZ6Yw3KOQ==,gAAAAABmYmX38oJ_4nOc1kWDirMSYmpuvuUtTeKV4-ewlnnu8TsYt5prAQ8n1qX6Kq3ieKJbcp6RTHBOzes30cmpopHpxMfZmw==
5,07-06-2024,03:44:35,gAAAAABmYmYDjIdVjkkdEHoj1pcIcPqxwe9CpiMn5njseCGNEQE5T2mkbE-pk_PgJyEnHoK1Y-SU0_ambCaEATKtNInbLamdPg==,gAAAAABmYmYDxXN2MrQKFW5vIjFeg1ZOWk4YmElnLgufXErR5VUj3hC7wJhK6ve9D2feZQHv8H14v4hK9YMSS12vzzc7vZKNSQ==,gAAAAABmYmYDKimQ_f0eugRsAx5f0cJQ6FckJDmklFFuCJkD6z62y3Pxp67lxVbIpg53siob5zOVhkQSuB_XYicanaZUnpAb6Q==,gAAAAABmYmYDBC9c48uhlROG4rcizkoXoXqiVmz5wIFGoNQWc8FdOKW0h9vDRXdqwi7wcP6HCMHuPZJ4RnxjmCEbF_idcO8L5g==
6,09-06-2024,00:05:06,gAAAAABmZNWSj0WLg5gogbe5LAmWmjGrrkNDt7OGXfEFNoV7VQ4gmD2TuAxepG1hp4Qdhur-gQzWHEcfRDMbFkUt2SD1CwjjmA==,gAAAAABmZNWSo94RnnQAddhdhUkjxlmB5couOROoV4kwGyTAsNK428A4AJWMl4K3GBB2nophKrpG6iU-nEvk_k-oD90EaMbT7A==,gAAAAABmZNWSlIVYk7Kxwch495ggAhs5Z44vtMFRWM56B1GQyUKe3hP6JDRocX7gcn18vKwIy1ByT51BO0_4Wq-9L50WwDUtyg==,gAAAAABmZNWS33mRApj6KqCsObFNJuoadyT_j_5yIcsQNLcJJOv5eYEgZcUaz2MhFO38gQTyvG0Zi7xp1FvKRucjqRU7rrYSOQ==
7,09-06-2024,00:07:25,gAAAAABmZNYdwWxk8npItAXCE10zr8efefkkAAXqWrdf9HODUXrAUNkaWD2_OvlSUEOvm5bYbOuYlqUuBcP1g5l9VgKzBVPt0A==,gAAAAABmZNYdQHQzRnEJrClWUFU_g7in2xDz6-t73XUfcaLz4MLZn7SGORd_e8Q6_3CC_Ac3ZVlxQO5a3Qv-RNLdorwl20PuSg==,gAAAAABmZNYdh3y5BWvqi5Ja-Nbt5JtPAfw261JI0ROXdy5PV3_L2HcgVdKpCyi_Py4wB7ku9NqF0i6T6cK9zSyulYc7CdmxWw==,gAAAAABmZNYd32sYN30_1KagIxibtb1rjSzuKIycOaNcEMleuUEjd8tmTrtThB3BsHx6tX6QhcB75BeUmwMi4SxZTiXajtUX5g==
8,09-06-2024,18:37:28,gAAAAABmZdpI5iMXnwuO22v9eDRVq9Vr0rLYjZCkMvl0Eo1rj9PZK2LB_KMtfCH8SYfOWG2TvL-iQIxNoNFC7JcYRZxMyiPOtw==,gAAAAABmZdpITSqFp_atVyiBbbZ-RF7djkW-WN9eE_lw24r3BVSXp7eiQ-j5jWl5zIoUglK72sN7A613RP196dEM1YZziH4a-w==,gAAAAABmZdpIiOmuU3RPDFz4ErwUmnBmmPGaQQI12FKmu7VUAJwBxaDtXGoq2KM54dwYrUKqm2jXd9jzT4gtBR9cNIqpq6d1QQ==,gAAAAABmZdpIGa3gt_k0kszapSthnGb2QaxwSlRkqFEDJ2UXTUXU5X93PHz5dfK3FZZbtKko_j-H2FSvCsFydP-kXDS6FPwafw==
9,09-06-2024,18:47:40,gAAAAABmZdyskE1rGDKqKcpn5Q1yUsmvSP9sSicg4zOXuCtZ2HTf_Au-GTGDgiDmiPVJmMmyaDfOZe7K9c4lqreQz3r0SpIXQw==,gAAAAABmZdysWyOIPUzqWuq6Aqnmfwe1NasVU_KXlAfY1Dfhllzd0a6l0g_nO59OEnJGwCAL8n-4q6u2nJSC8AmdNdVcUI7NzA==,gAAAAABmZdyseZB-b14inVikVkGcLT-hwO7yZi4AhKxFPl1Vh5ICQo4Uta1liOEn7fAxpAZU0TfE7iFDnwKw1l-WFNrvFnfhLQ==,gAAAAABmZdysjtak2UHnVOyCjl8BTv1WKwcXSWiuKK8yptTOb8WDArx0ZJaFGM3MSQFdlkgvRggHcHBgVLHflskt1kiyqURH4g==
10,09-06-2024,18:49:49,gAAAAABmZd0tXUjZ4IK7rUxVzvXGf0MWFT3XHyz7K-abW0v6V_x2DPa9UJJp_LXwbgVA9iPsalywCPg1UxbOCElAHc6JtsA5Hg==,gAAAAABmZd0t-TDMF01vIuJr5bE2Yiz0YmrZp8GiMfPlPXu__6BNXiveLXOZGjpTfOEV4Nzgs-qdsGy9hswK89UZvb6eZFSbmA==,gAAAAABmZd0tkwuixP8vKVSFN26uJ2WkgCNH7IGiinzmd2rYpE41t7TxCi-r_KiKLyu80Ri7p8ZqjULTgk2cbYeRZfbBINSRpA==,gAAAAABmZd0ttusWdAwErDYOUpe1gdjzqwYHnqpGSHVBdQbLQskGZFChiqTnaYeKKzlS5PFMke9RvoKauFxtkeUHdxNz936yCA==
11,09-06-2024,18:50:02,gAAAAABmZd06S25Ec1wNz8Zvwljloj3ggcGlUqbzdVWVPU7VwTslxF1hlr-CFvlWr6hiiNqWDMAB-MtvHQxXyyR2ruNMh3xdgA==,gAAAAABmZd06wzTXFuq2GDYHijOby0xYZcODBHIPGkSeeADJf-XyPL9GqruS4iedJdtLn871dcwU6xJmjsGkDy2bTaF_UH9zs46u7ViteR886O96Drhpsdk=,gAAAAABmZd06DSdrs5cz-Tt6CdkMftJGuzPlaDUCAIvfwJxHMGzx_ceVwrpbou35snSk2bRIbqgux_aM8lqKbUaJiCAg3VlZ460JXWZH5rGUJxbL4dDDHqFZU3BYbJUfo124BtEiJNa_,gAAAAABmZd06v6-JnLZDUZLOd_eVLUrd5AOHNPKVFDaApb0xD3R4VEGs38OClrRAmm5FznZZCfWXYP3cyszyx96td-7wWHYJlA==
12,09-06-2024,18:50:52,gAAAAABmZd1sbWCQ83rIs0q7shHXcBzS3mJPS3iuGZOltiVLA89ug3fnPucMytx3BsumM31s06elRjzOsizYKKnBE9NkXuqeAQ==,gAAAAABmZd1sSpamLzwHmjnnQEXeje-dTahLPnUK-IPRmr0z58rTwH-w75DcazFVf3ojJHeAJ0RAcXb8KBvSkd7Aj64ncgJfXMjMuOlBsDHpJSUxlQj1Ojk=,gAAAAABmZd1sOaWXa8xONpTaU3oubyPWo7WveVaFA98Ar2YJVys8uM1Xq7Bg990jc7MfOhyAXn_HhCs0F9MrMwFW3zjdjs54XKtcFJoi3PJlXnAhGu7IA-bS-tUcslX01657FtV7nshB,gAAAAABmZd1sN9yXNSx7DZT8eb1MGyomlSjvS97rou8-7ClD9A4H4NBZ0IOh4LefFc4i6GF3KLKa4lIPKFXGdH2TsDnTPCSgSA==
13,09-06-2024,18:51:21,gAAAAABmZd2JOxWkmhS1esEyvAWxAQpwttO4xkXCZEB42O8UXeg6XcGT0SakcS7MC1ecKFcSIJSWhGjo-uP2HIFdeMuwoyQOig==,gAAAAABmZd2JD9crL99dAWTmKaMjYC5InzDWqKt3p-7Q3Sc7LwOh1hhQZ2cSEgeHMBFTYyfFtyjWiKVl9jAyzDPDKbDq1SZ-ycDLumAMvzcOEkPoyN73MiM=,gAAAAABmZd2JLQfDtGRzmfi44FcfyNMIOGQJhrkZe6J2k723C0AIZ_ExBPkUBA8tEufv2MiM_98bjmiWTckgKZ1MglOPyLZk1CA7LQvk-L36PBYXvGBgP5dgGJZCcs91h99Gsp14N_xQ,gAAAAABmZd2J6OfkLe7XdpJLtNfSrAw3j26JJ8PV6ivbodnXoNYEBzdBFCIKt7bWQOOJYitV8G8-GkcqcWyXSM6NMwcryKJL_A==
14,09-06-2024,18:57:58,gAAAAABmZd8WZzAuQtbsoNTtyRWJgvo7j11lSIRvhJVyqTdooxaZdGgeu1hE39Dq1Td10T27ZIOg_u3AWsnUKrRILcUxhRylEQ==,gAAAAABmZd8WSB7uDxwAAAw7xVaySXRqGlqx7OuwCOkEAynC2VsJkXH180DCD6Geuss421B_7q_cMNJ2SklQ9x-LesWrhOxhXg==,gAAAAABmZd8WswypYq4eMFHaxcqpbbxI4oQ5bDEFPs2qfOCqafXTP14uMW6HkbKv89P7vOXvJKibJf6IMD0F5iiP2CjOJ5lk5w==,gAAAAABmZd8WpBLV3ukXIEhZl00JbWnMN1bA6-wEkUrK1O6tjsQRL3lyDAGjCRgrq702EFVUtJxTyjFKdz-6G0S0SqMtcS6ehA==
15,09-06-2024,18:58:15,gAAAAABmZd8nMJrhhybHdauyrB5rRsV4mMiFFStcqlJvvhNJgKS1AX6D0CuCS5BIYWpWWXuuygnkFgqc4yd3fdliGs8J4IQwsw==,gAAAAABmZd8nImdhl_FjYw7pWxeZ1bL2e_VnhPEYoN5Ip7pdlMyLb9JZWJeplX3fR7sAeV4VkTBx2gaS2EZbb5tHb6LcIlwIpz0byGOZHiodYQmSt7Noajs=,gAAAAABmZd8nILtgM3VWGIALx82wXv4pi01KCV5DQ50DBRwQM1ri0gEoJx_yXsSn1YFEMcupRi1f_E9YeK2rDuLuN31DtcDI-NbJcb6sJxqdZ8k34p8v0Xa3D9GjRZCTXux_yDREQGEt,gAAAAABmZd8nXZi-xg_JZjC9CX3OFBGYhjrui49_9a_o5CU4w1kqWVUaMLpoGVTbqLu5JUhnSD739dh64bSLSUgFT4Ra3taxfg==
16,09-06-2024,18:58:33,gAAAAABmZd85uglTwS13AWfb-0N4rwIjfglJ824h8dR0NSeH3ahYVqX9CLZR5O77CvSrFwL0KDfABc1gMoloE4fPy3sPBapKY-JzyDcn51lsd4e6exWe4ik=,gAAAAABmZd853rqaTHGQyJTH92kzLvvdgakr1tM3XEi8CtBKHodXcptu9eak7mI4mUpY8dNQ-wRMf6jhXu-neDlIP_6psoCsMORhYSMKPIxxKPf-Hjo-hg4=,gAAAAABmZd85MCpLMjyOBelw7bwkGUE7VP5mjsoAOA2ZcehQjBbC4V1Lpt4AQI0c76Prizqswv5amI1S_zd_SpimwClmdUH8xfgBiOQG5TOBrpb6lPt-qYeqCE-9FA7-SG2bXqPnxNRV,gAAAAABmZd85M_6tLTce1m6DbxjWNPKG7_ltDhJoL4iboiEHOLHWiHRnxFtnX7dpDcF0E4HQWn-3vJJKEPNKdWatfyIuE3ZqGg==
17,09-06-2024,19:06:28,gAAAAABmZeEUt_GBDWxNjTcSUe6JQny5YVT4kyfCSsi3VZo_eArx4hEO7uCT08Zh7pIsOn5mAWkIfwfZYrEQOySU54w1cnFivg==,gAAAAABmZeEU2jUOc1sRp9g-CZMXYBBViW9fDY3nR-vhTxV6lu2CxzciO_nlMSF0KxdhSomPmoecxPReUdMj0f98GGgG_yLaTg==,gAAAAABmZeEUWY7Dw63pL3z1pYX2D2sBDs_qGHBJbWy6_-o4o3r41uwTnEXXb9vEpiK9rT9_XP28I7iwaFTYiQyH24hhUlzNTw==,gAAAAABmZeEUq0a_Mim_m_-8IOovIXQIIlXccyTwmId7P4mAVCCzwJZ8G41Wva-QMTZRTQWzwSJr5m7Xk4_wDBVVtv_lQwuyXA==
18,09-06-2024,19:12:50,gAAAAABmZeKS1OUvHnUtpe5EwuheEzXKvByMMqFc6muRQinYKrWw82JR4bsR07wm3lvxQD7nxOKcLBhLXAuVSS9H3bCeLXEQ9Q==,gAAAAABmZeKSNoaoggk4LBB674H4UAg7aJEpmYzvL75YvGB9X2le_retI0OQS7E1H3U2jcIW7_gqNJlRfkrA04QbZ1khw4lbAg==,gAAAAABmZeKSqOfE1L-NHFrrpOKiv2y2HJzCG0xd_BY8tTsvPpNcfI_AEp3HdNdSuHs2fIBm4SqTaW-Q1yyO4bC1Shguf8vbPw==,gAAAAABmZeKSie6dgtscY4GPXVUROtb7fcFZsTPMRLF8Ag3MtbTFrhRdO5H1klxeYFA23KVVH12bHgDk1lI3URskb_wzM5ilPw==
19,09-06-2024,19:21:48,gAAAAABmZeSsCXcR08Qqz0qvODGXxfvUx6Bu8amLDwbNQm-tNKc2Z244zQfIjMgb8tXi4hL5_od73hvkPg54wcaI6HA5lzq0NA==,gAAAAABmZeSsSRYGp2jNd_5xaIaztaSJIJ8pBgnBHdQLQkIo68DaIzUZOao17_HhV7DD2r1ZTniAzjvTQ-7hIPodESrSNQJ_Ew==,gAAAAABmZeSsJ23-fac5d_C-hYUIYmhhz-v0N_ZRKK2ZQKWknpfQ05bGp3Fy6TlzKgQ294Fdha4cNv-fijsGIq8g4YxlAZlX1A==,gAAAAABmZeSsPMeEBir1M3lUrk_NsshO57YQIpYV9sZeIK4ojPdcrxRTbph9VcrwrixlhKStAQIvTDyS6tfJlj8uneBU46Yang==
20,09-06-2024,19:45:20,gAAAAABmZeowRvgRT9GtOqVxGXwi0uX0k1NDZmxXcHJS3Ny80V6U2ZeDHjnZWh1PN4atvESBGssG1EuR_j05rkq-D9Yvy3NVXw==,gAAAAABmZeow5jrUf9Sl0bfegXB1Mk-utUM_J9eJfLD2n0JWEPyldWhYwArw1EzTd34drtWIE7uYXY8CnhkqPGVyQALoPdhLXj-ZhZT6a6H_RpD7ydTARhA=,gAAAAABmZeowVO4nQmYWysWfVAisK8iVPFgnUgOX29ivSXWPXgc_NUy1AxXvyhJDqJEgt_-Z6YZl-xf6iZxz6swlcCy6bg_Z2w==,gAAAAABmZeowUl1INEiYa0hbxQnBnoFyPaYdN7OcUViXgdJxhOz_NhAPiY_JxR9zUBlMhHcTnZ11WTqsKD15kgDeegardOCuaA==
21,09-06-2024,19:45:27,gAAAAABmZeo35UXvoIAZz8DcolHDxluILVEvDVgLzmwI5w3ckWhP379MFTonrEN1B6SsMLNZHqoTVipIVG50sGKDKmd6hb3hhw==,gAAAAABmZeo3JuQAOrTku4ZLnMOd2_lZqEGSn5u20FdoS-bxS6mkWslvu55RT9QvCWLp-vN5w5gtnvzdEkoetOY3X7bE__WRg67eYNAzKqQV5_CKRb_tSplQkUCuHvdui-CX_L6h-vdh,gAAAAABmZeo3wVUnyQHB3WkqVmbZfMoIAL3H3_hg41DAZP935JeyAFaONi5eYJiJI184dHRi2GwAQFY0FpiE4M3KljI54fJcfg==,gAAAAABmZeo3_UCCcf5J2_-h5_pT2nvndaxO88FrK96vD3Ryvsyc134BgCFEWzE8ijyJbZS6HbzMWVY6elAMVrC3bh-TmTGEnw==
22,09-06-2024,19:45:46,gAAAAABmZepKCn0HGOpouVvoXjP_56dYIuAGYs_PIXySH3LmDWik99_XkRs4C6m_HujCcal0GwT-AQf1QNtCtnqWoIsgXysmuw==,gAAAAABmZepKoHoxg_eu69a7Lf2m-7ZQvQMU7tcgmo4C3ltAbBsaqk601ufq1P0p0MbdM39UWNxqzEqTzuK4b5KYadCNkISIE7_vaBv8_iq9m3DYGk2P1wQ=,gAAAAABmZepKmcvN4Sw-pmsDAKUj3DH9OTaN4jXPyLjC64zX2UrGNsmJKyxqvncHhduoya0d2aw7hNa9HkfmWzPz9AruY4qpCg==,gAAAAABmZepKhYLCQeMs-ju3Y-E95ROX6F0-KfHDEyhckbFIkG1Es0mYxcfqtO4Ppumt7jaWXmfzFGjd0XeLZO3X1C8idBUBhw==
23,09-06-2024,19:46:06,gAAAAABmZepeuOXyfVGM6SNy1laVOQ-VxYaU1jbtRrU9ppCeOeGrwlU_6Qc-dTB_DwCJCKwxoB9M-PijNk9WhUn6MJ0GaV5u4Q==,gAAAAABmZepeOAB4xGUUFu6yiClUj1osgIqXIsZHSDCaX7k1islYqCY0Cf3ucOtiDOQJpAK-6qzaS0L6gPe5S9XQIaRUjE-UWixBTXXV36i6dJTtfL3eXtbH4AoLPM5ZOe9H4gIsR63I,gAAAAABmZepeu9fcz83yj7XcS-HO-OzvfNdxvg5i4fxr0Xr3WIxFgr_-1ZS3IoBZDWqxN3cI-EUSWjiWaGjKNa6CCPav44KVWQ==,gAAAAABmZepez3VjorI75BhRQOA_mlu1FBg3QDPr0_4WQqfOcnt1VJUnMJNIN7t8IAC6p5ySzyC1JX6_0PCTDy2RR9BOXz75Cw==
24,09-06-2024,19:52:32,gAAAAABmZevgvCBwMKa1cmV_SjBuJInTXujv8O_n2Z2mYlOFj5OwUpQKOFMLpSowk7kZ54lFIvU028E22Ox-CPFScBlfOgxbQQ==,gAAAAABmZevgO5VZNEnTzO023Eii2__pZSrMSDqls8nkkT0zm116-yBSnu5vChnFu9jJCVkk6GS86WoMsC17An6tZQB7KuesjA==,gAAAAABmZevgZPhWZAhYYt7I4kGU6jyrwrm9dVbg_A9lUd3H2wuaQ3WOn7YsuUptKp3z0b5dKrIS3jWOEKnm_1CJL4fzmzG5Vw==,gAAAAABmZevgsOgQw-23U8HmLZlCtfZb9OM0FFiytbOiPgbGL8ACTTwVU7ciBPiGz7HBeT-sSD2VbgFwTEP9D-g7k19bJe3-Xg==
25,09-06-2024,19:58:55,gAAAAABmZe1fqo5XNOfsmoUKOMiP7f2-MR_A_lWOVy3z35fYZgizVFP5FtdnDDjNtQEQD5pXvt6S2q3AuxasL9SPv3uMgWe56w==,gAAAAABmZe1fZ5P1aurkFS5WBLFF3iIE5a82Lqa5HjGoP1wFWeOr175UvcmBSe5sowPitm3aItinTHEFWMAsgdRkEhCaqlvySA==,gAAAAABmZe1fDCGysZK3fn-ad86JbW7EoBgaIriage8XieRcbBleWvFr_yBclSyaVSRm5cjfqMhmf2nc467u7b3pFIUYYIMl1A==,gAAAAABmZe1fTmQCE5IHm9m4eLWwC9JCegE6AU2pPqBdFpw_YH5wDDVhMtRyrIbeVc59tVGsmQoKbeF7BUA_vCeXh_XqmSN9rw==
26,09-06-2024,19:59:58,gAAAAABmZe2eDnk8FJq5JXKnwqn4eLIiyBwOhJJLnGVU8FJ9e27k0jQ8SYb-rFJjMzJD_Sbg2CIw555kjipgfIObVGShGW1Lsg==,gAAAAABmZe2ezVscCx_GZ0NP9yEqh5VFH_o3EJFkHbTj3we6-IBDlDak260HieUU5WpVHiTCXRhtQolBU7azg7LY4G_vn4dNDw==,gAAAAABmZe2e__2Pb4ma5iBEbGNYnfm2n_RRyf5NUzSqEtQ7w9Qyy-IXPsWL6mKCk2j1p0GCW0e-1v8sePZYvw1h-8lCDgvxKQ==,gAAAAABmZe2e2sA7dg-qItgF7hbaTzUyzQw8jgBSs2PyKUDhHwBMvE7qPs-dhzpJTGTAdybOif33fOgQM9pntxG7LZKyoY-JVg==
27,09-06-2024,20:02:42,gAAAAABmZe5CKO_VGjrxmLtKJRY4qXhU9b81SD0BKh4KpuGEa6hRPrTDlMZTSzB3yWafb8SADQULqgzAIXWkly1pC27HORC2yQ==,gAAAAABmZe5CKemm2vT28BPfynb3UVB1lgy0gR8E9hZFV52HxF0h531rYXE3LwZ5gFql9bP_-TNwMLTHoINB_pfcZ3n_TPL78PFzAV4mGicGKBXkQZ8cf_g=,gAAAAABmZe5CZ3twSNMrIHytQEeHkXy_hyvDHwTl4rU25UMnqmN8JJ67AZX7Dr2D_3XAzj58mACVKeKC4AIme7NfIzhFOz-GDw==,gAAAAABmZe5CY2n1g7wVCcm49o0pRnXqxk38Gjq67V6-HyrtpSeIUi_uAyBAoCNQSdLpteetccPZx_pRygG-tasLDHCqhvbXew==
28,09-06-2024,20:03:42,gAAAAABmZe5-MuJPVptCCq59bseubHIEKLQhIY3nt12ytkr8dZqmEI11A3XI6GmskAcDl4ru6SRMI9-6xsN4Qfch9znbSRGezg==,gAAAAABmZe5-TuvjCkz-j37YgnQtPQ9SwtrmGgGvDWca7wqjoielW15DbBWM17ZUtXd_U6vI_cTo3VEkvC7Nfz2EC38xxNhtWPqQ8wJ5IAlR5BVOJ-DNh-lIKy0Yr8m_qf1-jTb6wwzK,gAAAAABmZe5-j43xv49Iw5sQhK1HV5eE1Lht96GLD8P0H1mVLeCapgIXQlqu5P39eEEhMTLddNvGJkqKVHboMATKWr2rvbguxA==,gAAAAABmZe5-pxFZ1Rq0MYS5HipDo66lUX89ayxJxv6nN6-1TF7XI-Issxch05dqOrrnIoe9dS1hT6vIPNIhp5MveaeQQDGPgw==
29,09-06-2024,20:06:07,gAAAAABmZe8PyXxevESdB8jqcVyBeeoyvHVrmid6zIwRFmqd6h1D-dwsKzD_-25Vclo6bimy7G34-HDc6yr-Vsr7FkgSSeAz1Q==,gAAAAABmZe8P9VXXzq5BOa3X9Gn0Nt7xl4gs_J-ZMZ8wp0DcvwkD219bzmmFruHWy_Smt3wh9XpFWVd1P2EpId0LeQlmoRRx7xrQtA6iM6PSzg6KhjCTep0=,gAAAAABmZe8P0GdJ7g9opw1dhiuHn5BMTTEieLqD7-x1PMNeI6NyUHU-r4uxL9R9ZLV-SwTSkVAU_7zuU_1AuhchT6nC7_Gi8w==,gAAAAABmZe8POqxyXUfjZ0iOn9YlMLDTxhjbJcaTGq-TZAw1YWpPJkwgwSUy7ittxUvDJgMFvnE9_8h0pGYGNwxI7UHepWk60g==
30,09-06-2024,20:06:25,gAAAAABmZe8hSGp8kMvNkGgzGMYs4pwjE2XkHidRg_B_6zVNzqff9X4sK1hJq5GDtEavOkE3qMMYV2HHSGr1uPYc_YYTVzrpYA==,gAAAAABmZe8hUKhIX_huM1d1hFCNeIx631MajY6FKYGBrWAUE3CXzE2aUm2bkv4sWtQh-Gc5DlUH0ng3Gb4yf-nMsjvawZc1KkmTABcy_pcAapMgS1QdZaG9ByphEwlqu9XpW7iO2nDo,gAAAAABmZe8h-g16gOslb1Dj81NtBmu9jhqplFRUGfWJkPH8ge2lQaHbeKTErWzPip58fo5pPWaixJaF61GZ9Zjo3LK-3iHP3w==,gAAAAABmZe8hkpRSpHu0eaM0FQxMst2LotlroslQfeb5Y_EmyC9hhLWR5LCK3ujpo6H4lBkRXD7qvQZY3in8eadLxTcndHmzJA==
31,09-06-2024,20:06:41,gAAAAABmZe8x9H9b05trdMehxU7T44-4LoE_qSOQxmV8IRllXF39weUDeOZANjyqRAyGbeAM4UyUK6wW2XV_wR5uDc1EEM--3Q==,gAAAAABmZe8xD8PfZgmnbVN_rtCvbqke4GOusOMvVlTecxbDQXHgBDFknQ9390vccOKjPH6O5XlDuXexH0gUSypVUoE8GOS9TzCEFc9qGGGe1bYOQbwv4ao=,gAAAAABmZe8xIeW1TzzkzRlhIbmVYkVgDUJLalRvjMIPslPF90SBiEq4LwDS_b2eU3RyimK2UPQa0YGd0UQdt-n2_gYju3xnUw==,gAAAAABmZe8xnix8C-57Msq5ACruUzEDKRiT7P5hwabzFOdPd4zYx5RqOwDgaL0vE0iqXCUInh2iu0yLJL54uzKQu0FElDTCIQ==
32,09-06-2024,20:06:43,gAAAAABmZe8zJcbOEt1a-hzB6so3CQHmXkXhgpigsUBSxV6jmZUUPWzY6iGArBn-To7xponMC7V4MmdxcacT__7v3k-JLcWUag==,gAAAAABmZe8ziR2pAgkfI6RJ6X-ml_bkPgVO52zNFOskBu7thOAcCqO00Hn0eTgoVfZVhRc8WR0a9uPVVmaBQRuBU6SD_JFKKoHemwye6j-Wd2-uAMc2dpdgSU0s8-wkk6iHI9fYu6H8,gAAAAABmZe8zezoiMpLnN69M4jJjx1GuHRWw7v7Y2ZnN31GjAJ61EA44pjm3FHCfcrlaQ3_PQOyB5pkY-XJy-kFnIHIzF94T-Q==,gAAAAABmZe8zHAjabu_U8Wvv6xSOXqOa-XjJDMekz3ruGWthHVY5pPl-RKnv1lgwtToNOIofzMnmXgY9RzK1Zs55dvKB68vbUg==
33,09-06-2024,20:08:07,gAAAAABmZe-HQh1cnRQAlQlnxPT-kqmsaSs5h8QCybR2oBVV2h0nFhdIunCnyWz0VrHld7YgWl7tgZGmfIKLSIdidCw8saCY-w==,gAAAAABmZe-HWYweEyz6sYxkkehDixzan9JCaLXQdyOZoa3GOLRQr6b1LcbLV8sYrowl281DqhGoNsig_gtij4hJVNA9aixjT5MjJiNDhe27t6CC_uBed8o=,gAAAAABmZe-Htle15k-IPDNT7n9gW3B-GLpEuuZr1qj1UHbC4ftt6hgSMHtiov4KqS2yzx6zXNyNume3htKT7h7p8YbSP7p75g==,gAAAAABmZe-HGrU4FZONqn72LjyWnQt9wqLold4h1BLZgxVdBeC9t9TkYJxIjld4nvIUU0BjM_Q0T64Yoc1wXPzgQVjIvhvtOQ==
34,09-06-2024,20:08:11,gAAAAABmZe-LYIhuPvoV1lbQfL9vaVErsmpdmf2KbhGnvsFrqXCrI6qlS7_fu_KFVMKxefd0VvbVztc81jtDLwGTyyFkKcNFhQ==,gAAAAABmZe-LCl6LMPG3cZ1qawSH6uDI9-lgPFD93rs2o7a_2KpJxn5sUz6SFoF9ZymyS6MHnnSrZHjvn1mr--KB0YZ7_GOm_Tr1uvV8WUm3Ax0PEOyw35gCQrGHdH1hanhcHOXX-eHD,gAAAAABmZe-LcZV7MfFq6M4CGJgnV69clG6tNQtGPUMHf3M_3b4768pc-IC4qzcwC8LCC378dVL9M0IjvqVd6e8lvekq8j4pAQ==,gAAAAABmZe-LGvDW5tOxhAAdhMPKk8jd9-SEUo0hc4gXsJ3fz2m2-jgicGZ39i8bajX7z1oOGGE8l9Wjtszft250VZNBaU6-Wg==
35,09-06-2024,20:08:49,gAAAAABmZe-xc1UfkAzQzWdO8_MaliSZZr5qkReHdjusF2WJo7Hr0GVRQIjSt6TLfkdUqmfua_iM1rSoz21KPpQx9VrehHbfgQ==,gAAAAABmZe-xEve4jgel93QT1-J1Q2u5KCKIxp6BtHPwsykVnQKMTwvQfr3VCvc7zlntDdFqha24BqS0y31gKL4pJApbEJ7uMw==,gAAAAABmZe-xO0MrPCgT9l7_7GvgFmxCUa8B01VYH897jJ9gv1Pak8aG9dN7k34MhvOMujEAAHIQY4XL6PFs0qyUZAPW0RZsSA==,gAAAAABmZe-xn_N5Ge8oZ1EnwbxHJo_mDuGWKb6PFwzRL6k5U3q3WARrNGqTAICIn1dfyuc-U8futxSF_Vj_1FqDjmLZayzNAQ==
36,09-06-2024,20:09:34,gAAAAABmZe_encablTJRcMxMrdLQ9-q06Izu4Mku7t9htRMp9lHtitpY5u8wuYUfS2OogCqzKvvJHCd9mZzKrZalBTb78-Nm1w==,gAAAAABmZe_eefnJZllYq7UvgEE011Fd0lRUX5P5TsjmqEC31PHws5Ni5fli0jiiA69lA56gyiSr72u0xfBfZ_7Cf_sSfc8fnw==,gAAAAABmZe_eQWP2PX9Sqgrxbdw3rLDtr7q0bU3VqkATMfrXmxnLYPAqIANX7NBBKiN-bYekf4LKIhlxSGD2PS24tndSB5yE7A==,gAAAAABmZe_e43dngr0OUK_Ckro6QrtATGzBASW1NQ0-Etm6SuquruMtg_Qo73ZkIGJZ41NvUD630xEdcryp2LfzpZimNeSVNg==
37,09-06-2024,21:38:41,gAAAAABmZgTBvy8sV50IOkLzJ9TdBa4FnbOmmlPsqp77FJX9iwqqqsti3N6Ys3Pw-SOIhIPsnAlGUvyiObKqHxee757PbutG0g==,gAAAAABmZgTBPX_NqtHYlcValcMCHeQ4QxFUY-YuM3qlrkg88-SpU-8aaR6w_-wtvWZXMpdqjBhuolz5R21JUVUHgP5mUF65Bg==,gAAAAABmZgTBTUhPT4IbPMpJFPDUHBysE10vd4y20kyi33WI_HhPFGS-JU-ykq8QZ7_NeUhoxGG4rxJkmiUbqL_NoCiroK154g==,gAAAAABmZgTBK6emZ7sbiBpVP5Y-UA_g9QE8p8NzYHljo_1g2eb8_tNx58raJN7teCqe8sweBxwapKbqKlixd4QPJuB_KUEllg==
38,09-06-2024,21:39:26,gAAAAABmZgTuvT-gy6fKmo_mEhYtagHrpBTFRidFkzz4XIDBqpC2OCt81ejKI8njATEszAtfxh4GuV8VoAy-8EXqVCyzopA-9g==,gAAAAABmZgTufGJjduJwAnmOek_3kkKNYJfkvTLuFT-I1Kz9YiEUb1QtYq92DNnm1WKKa0MCbJwEP2A8l8c5-N_Bq5SdzExpTw==,gAAAAABmZgTu7c9GMu140r297RAen4OV4QAjKqARr1VViiXBc85O42GdN1L5F98Grtolcy2by4oqmV3eNSTrP_Qd2fAGkHUYdQ==,gAAAAABmZgTuCj3teIYTh0qGmj9OMmvuHyTAMalXkxnI2bLo0kox6lJmD2pEbBFtqPSwC15Fl7GvTZgnbIMiM0OS8n0M0k4NTw==
39,09-06-2024,21:47:38,gAAAAABmZgbaRT5c0kVRF9hvX2bUsUl77xJoMymZy6NxZtgbw3eJJ7yPbg5f6MYb4KnCnshLjBLImafqmq93cGRTZ03utDvthA==,gAAAAABmZgbap2oYsr2RgxopWFThLd25kNCUnsp5KvZPee3CXDqM8b0369oOMourh4WiIxz8ijY_DgGCzokJ6ybQ5uTW7Ob0kiLp3seZFrzQ_-STxwfzQWI=,gAAAAABmZgbarbBOIysN0Vx-v6gFoOeK_-YHIFnC3HOcr7z7GSnPKwaWBSepbr3bO91lVn7eSTbOK0xMslg6Ug4GWysNpi6SwA==,gAAAAABmZgbaYjJ1M-CV0WfrAEZuNBQMf2Hv3jKE8pleo-WnM6JkAz6eC07skuveq39BPut_cYfQzJBINkn1w7ko7UoLCtHjqg==
40,09-06-2024,21:47:40,gAAAAABmZgbcf5X5By-ZXZIDf8Jsmza1jAJWph2HkuNN6oadhMmKz6jF9ac3wDMHs2r3KJeST99xDD1N3COUMI2myRzN8uT0AQ==,gAAAAABmZgbccP4YGszp74r8dzfalTMEWnZ374Jdotvy46Xz7SItXUmkbQ7AGASGvtft8D8Dnob87BiZO6xTZdWvhDxfD0OGknoYIBrje-jCZEa8dlSuaH1d6TwAjfkeNJXiS1WPLlMV,gAAAAABmZgbc17Fg7Dn75QjD9Na47H2DXLm9WyU2IwGLMdZmSxHSGz-ETxK8VD4ED8U6bZHdLq6Fgd19T1kva7ZktwLlcklMew==,gAAAAABmZgbc4PZzdRsggsgRtDMPkW0GmHoRZWIMJIiSAcWUm6Rb30kbJb36fnzAQWtUfw0jQCQaDaBE5zv0FQFrUWfLbOwt5g==
41,09-06-2024,21:47:59,gAAAAABmZgbvQInqDHch9X89QjGCwBSoqdEcjgVszMVf2WmuQVs0twRT4mbzGIR__0pJrdWJmK9Gwdynab22_AudEhkM_LTLYg==,gAAAAABmZgbv-n66oXCVM_YJdt28l_QsF08ldUTiyZm25hMupXJcwyOv4iNTWotDnDDT2Fy892bj4juZSQ8bBsBB89mXLenu4w==,gAAAAABmZgbvgp26IHsmMEWVDyzUdVuzEABSvTVsv-5UdD0-tJrQfDd8DKM1Q_RK3AhtRDvgofkV5aGa92WCDpMfWIY4YZRVxA==,gAAAAABmZgbv_4z_HTlbHLFa047UDUXb9i78Ohn2c78GrD1BoGJNIISY_DQdGX88C9W-CjjGIAXBKXRFmuxpmXr9XrrS-_rB2Q==
42,09-06-2024,21:48:57,gAAAAABmZgcp_lC_4xaYALa0ki9jty_FCAYgR99-5MPAH4HiR9_DybsluYTvpv9lG1ndxy37qoQ0DcCDkFwxVs65LMY5ExL__g==,gAAAAABmZgcp6VB1jyqrEuPCnUbUE3TvYhqxS0VlSgAs32pftr3szYHlgaGWAAmeHcc2ngdyrMBGhywv4t6lDwBadyZ9BuOwpg==,gAAAAABmZgcpkfW1Xi7xKftu36g32oZgSqPBDdIk600zvvIKRNqRPV5_pjUvgQU1elsQmmqGaWm-epR4N9rDl0YbwD7OgUuXGw==,gAAAAABmZgcptBYkl4T2Ify5UAdbAMhbtd8I6btHW-gW5R7ll07gTSWh06NDWVTY2qeAsaE8x8JjLU1XMnbH92DqFvBCSgiypg==
43,09-06-2024,21:52:25,gAAAAABmZgf5MkwPJU7dUMvWe00ANhvdIeRG9Ks-2ApzvSwZww953nGowED3gMMMT2zpmSc4iwLSpxKcKoGdhhN3fxzHT0QVLw==,gAAAAABmZgf5s25IJbI6mF1QkMxvPULZ4r5Sb9dGzREnzY-2z3FInHYa7g6xBrvSgJqm0F_aPXaO1nt5xxOyQxDT7-oMWP8Nkw==,gAAAAABmZgf5UWy0mLFETLmhWKZtCjjeFvNAoI0nvXiH49B8Y_22nDlEma53VXX2v6pEhlRtcCp9Lz7BkFitssrXNPp0BPlP-g==,gAAAAABmZgf5XuZX4vHfzU2H7388mLaJlIyhP6b8xfAHWzyXHMD6_buA6iQeNN0ZkSmBSOS_YCUfIf_HT8-WLiQQ3pNR0w3Gbw==
44,09-06-2024,21:52:39,gAAAAABmZggHQxD3NqKviP9Tj704H7_SJZW7GuXNH-gAtPcD4soDdWrPHQHjvUXsW9Ojl7HCvc2Xpe90BsIERwWAZg684lH1lA==,gAAAAABmZggHFR-M-6RqtGtuabfei8DlpnZpzZTG4IDswNQMfkwXqnBLp2YvN9pEJWurtDJXL4wbvfPP8O3v0SWyaA8PCpQh-t6-sW9mXeUwh9JVyV5DS2E=,gAAAAABmZggHdVzpbcCbkFAlWZ4kiCvJGIhaHSDqPTjfQQhnrV1rftYOge9IpEVhnR7k9eU2UJGqw7mTrU17Y1RTq_wKBicQ85JK14bXmE3Z4wpMy7afo56XtNX17HDfoSaNkoj7geaN,gAAAAABmZggH1jYf83RX1ZAPn9-Us6Z2oFActVg-fXxGs9LiKw38-_hqmd9P_iuOfuoeCGzctHn6IQ889lPZU3T_-v6zcwdIvw==
45,09-06-2024,21:52:58,gAAAAABmZggarEprPLrlawtAnLIh3oGRmnmwz3cSQ_-8BrAYJEwc8-YyWnGvSxD9eYoM1QDt_oDnigVkmglZPjOZe5uN8KLEnw==,gAAAAABmZggagqBh31hYINH1cOO9_UjBY7YhDwK7q6Gpb_ZCnW1zBrrjiaTgZCdREZPALskEw1yvD43tA_17C-BhaK4hv8RCrQRUD6htpb8apI1wcne8ZPs=,gAAAAABmZggaZ1Etl0XnRtScj-cJmVNOvLhBoUOxrmRWbw0kJOnfZmXiIxwBUuF-qFCfo2dTRVVVuLs6q-mSu-2TNkyp-hj3JZbVVzO1dOY690qI2ZENs5gWD_W7PJhWBrl8y3zdTFpH,gAAAAABmZggaqACkWPL1z70rn8EAXwzMVhjkV-W1UMScDPCzqRHocP7y7UGgF4vy6TebF0hDbFd1KsEmnV3X5Ygzk81Oo5EkCQ==
46,09-06-2024,21:53:20,gAAAAABmZggwCLNf6WYXsjBs-sBcjbK0Jm3rNAEkRrwImXhWTETKkxnGKQaDKXK8zT7-lR4eEfaQnNy2kTO3uCppvkWDr-CBCg==,gAAAAABmZggwzIsvqYSa_novM8DuWRpHCQIwXlLG0PoS3N7B6A_3ymimMtBhxE1p5nOCMr6Ardcl1FJ8Af2fy-Ul4SLC0QzwO2UItCb0C1t5f-c-pLO1P-o=,gAAAAABmZggwv-uSFAMqk73A4GI4kpSYp8nspy9QvMgQ0sWTWnvNyxFrmNevcpoW0gkOuJS2HuZzwVEIe3kynCSzD-j2hHAz0TtwUCf5GjnYgww1pM4rJgbPM4xC4TQbj7vyS7SMCKpL,gAAAAABmZggws_1eUEBa3I0V_mbfQZWvS-yesidYnYcUmjQyznmnGCwTbqIaRgKLs-9NyzQXn9F-mJ0lrXy7pnfz1NmGfGxtvw==
47,09-06-2024,21:53:56,gAAAAABmZghUD9Oce8fIAckKEz2naAsOgcKzN0Fa-17R30QIw63E76LhiK1FOceQReEI9o3UP5IT7RfwY4u1AzVX4dBkQi9Q4A==,gAAAAABmZghUpeDTL2phLKu668vMDtG7y9F9Ub8QUCPh9QbAGc1Of_R0wz1RpkZc-Rn4jifivaVUKhOyGmkDEsbokQ2r-U5GOA==,gAAAAABmZghUAzQHEbCeXdmDe6L7Ey7MhFYzMWt1C80u2pF-4DR2jH62qr7JXWmD9eyO2ojrdus3vQ-Wq7vSvaG0aEKUZqPZ9OCV0yomBvG9yt4tqOMRwW0XiJS9PYccZrgfp_CuOjNB,gAAAAABmZghUEwYk-SNT9OydOuou4_LKMCkl-MadASEeUx1iVLd344VEaiZlhE-SOQhglqkbaNMhHfRf2zRb6XyAOB0z75VrWg==
48,09-06-2024,21:55:41,gAAAAABmZgi99qfZ9Oe6SyLq-GPs7k1J7jSBxeuvQF4vYsvsJaT02C6STiR89HE5HuobiGYnTvKYY2fNznGl1hdiZvy-8XTcwg==,gAAAAABmZgi90zSWLMR5BnJigPC1ypy3spQ-LH8exInkaRv5iz3fp9P4TP57Sni1Rbifz02VRpkUCBnNv-nt_QmqyO581ka8Jg==,gAAAAABmZgi9kHXXiyauEvgvKknGLX2cjIeW4iu0BovVYcgLFuB7vUe_Uxa1kFnc-LXkv3Fz0rLqh_HcjXAqkHwpO52PKn1Nvxb8jiVMWNpgTk4IvaOyTzwXmORujAQtVqssmM12aOfs,gAAAAABmZgi9nn2zVgWleibG9KI984aqRWild-4_Nx2lPMlOTjAdLTwGdZudmvjmIe2oCJwexRJR6gzS3nxuySI0GhDTjR2k8Q==
49,09-06-2024,22:00:16,gAAAAABmZgnQFvVEHCrNPGktyeHYFvZuZb7F19FCK3C1O8oxHrqHOPGC0ON9fB-bl7ncKWr_ng5gArsb8edv82XODyIPhEL-8Q==,gAAAAABmZgnQ0PE--NuxOdPi6b4NdQlHbX04epgihcO0-GfGPXusrEDo9zInT8AOxwkfU7IeEvgD__PqwR17yeUOP1n-CBk0Rg==,gAAAAABmZgnQCu8PQ6PM2LHqjHG74ZEKMMYAW3uPuSrd_YVzVL5iGo0C3USiYr1r-lO5LCSqNEQCPa4wcp4RAXmuQB1V-oti2A==,gAAAAABmZgnQio-puZAIuH0D5WTjgdPCPdNJsryozmWajaii6uHOm8wgjIYSqH-FnD9TafnR_pP7S6FrhGOZkwqvpzadftZVJw==
50,09-06-2024,22:01:38,gAAAAABmZgoic8AyVirRp4sEGcXiltm_poyCParBv6acVPQoM1I0Mfi1ApnJbfj8JXgdIRJ8RFeWv-3tmQJN-dRYDhCTwyX94A==,gAAAAABmZgoiKrt7_BK3fQZdTEGY4w9-SpwfzeloPFAfgTMTEbRyoh3_Icp_0S0mYPFFtfJ-mVAPmwo8WkFCnPrC7cOnnDcNNQ==,gAAAAABmZgoifOi7omiAAnkI3uZ84ckjd-njCmg0MxtaOQZqSJsId5isb0uFTKYtKU5tk_dBf6DhM7-F5Esv8FhMcWjSrrSaxw==,gAAAAABmZgoifT180F0yC1zx5rwH3XQvqUn725ZeE7pboqxjMc_Psx0W2wOEz-lUMrzo6q4o1c-EiLEQmuM18t8adXKYKLJAtQ==
51,09-06-2024,22:01:46,gAAAAABmZgorBB964_CUh7_G9bY1_VCPCkHWuPHG_8YVoi5N5xyWGKCwmKDK0wHd5y_gLt3WgFYUGgO-P2odSFEjxcw-jgEPAw==,gAAAAABmZgorgvzMh6L_RkTdo0pAE7Lv-yhUbVhZ1DPte4q5WT5EvYk1XyghHlK8FjssY2w5LI10aRzd1fTcm73DkecAQ-riuw==,gAAAAABmZgorJX0sJOdFCuMrE8ldy4gNapxOATzZvYCkcTTa7VRsUw2RuGKoz4qfIeFLVMaMYectgSwnJR_FnEpM36jJ5QdlgbRjJr1YXWfPSemGlGcNM7sMBcxSMOKhI_OS9AeamodB,gAAAAABmZgorI0CtFEOu22Yc1NH62vaVSuc5PSdFK9emmeGB0mRXNp9Y7tTV5uxjnVkYPV7AzKQvWs4h5uK9JswMiigTudE2Jg==
52,09-06-2024,22:08:57,gAAAAABmZgvZYeNcCQTTMapLPzyJTn1WmdN2g9_lyt-cmDT6BXwqQwvj5D6suGcGmmof-Z0Uyir_qZ-M_O6vtj5GwylVBMfx7A==,gAAAAABmZgvZiE3-OOeYjltaze5EDF5LLkNl64ulLQ9aIosqvuVYkapsNjAZFzDbuEEvXvZu_EV_lu2Tduq5FCe1d_X16fAHgg==,gAAAAABmZgvZoIQqsEvKaV1H1QmwA0plWh2W_Rr0ppMAA0p2k4YRBRX3sNV1CrS-6IVUmvGvpk76JM-GQaALzjX0xET9M-90ow==,gAAAAABmZgvZU0nxfHyDuTmcsCvsUKyFT-lBkSPL_FvB1tr91emA2VPZl3NfrCedHZiUMleDTnLE2rf5AsnI6kSimBAIijGwTA==
53,09-06-2024,22:13:59,gAAAAABmZg0HBzVt5f5v_ZR9R7WXd-egHLyKH1EzqZpRhHPApwcZVYXZmbCiC_3vydHfiExH5Rk9SP0q9PODEIkWjq-ozN2mjA==,gAAAAABmZg0HnNlVH2KKdTNPXNwVXIPUplf4MmnmpOjEnF4Y-bYQ8k3HlC7TjyvouaLLeezW_CFpgra8ILRPVnggRNkNaRXTQw==,gAAAAABmZg0HoHpacqTCd3n3Vh0VMpbyk6FQkG0EfBTiDWecBOcvezvzdZQjJ3cWEsooGs1nC9zeuPdwT4vOw51HrC9tbxVI4g==,gAAAAABmZg0HIpKIekX_FLLtzzMeNNRiV6yPbI9IsVtckPN-yYTCoAxmlkeHiKgcO5BX9HYuyYsZer9q5Rx07Z5c5eqMW5qipQ==
54,09-06-2024,22:14:39,gAAAAABmZg0v01eiWPPr3ZI9UWCYfrzAIa5msdbzh7lAZa_6QJG7tfKrTmeh03yZUjCQ9ULYi4-07l12Evc3XdY9i3RXphWgpA==,gAAAAABmZg0vNt7gcITViZKpTC_OEOA-ZmVyPS_PTVUDOx7fiiyPWfGVadYAypSO_mg6E02DacVBlJLNNQO5wrW7SpRwSW1FSw==,gAAAAABmZg0v9CF3jwYirXKDWHj0wrAbZkq3FBbvy8ggB4oBQLsgaGTOsG4weLWMs5HanIEFW9YFPCzzgDigJXUXRnhH3J-uFGMRaESs5wKAUnScrVVyLlDWOU6ocTmJ-Kw_wQWKaaU0,gAAAAABmZg0vVDaXqoaVY7swrJbGi8wfkzkuoUMAWSEs5G5w2XMhS5g4u_FMF95IUBTk4v6_79mupmxdB97m_npC-Z4gkNTwDA==
55,09-06-2024,22:15:04,gAAAAABmZg1I0kAQkJ4Fvyr_lsS0uCvfe-CNzEcwXSH3qRIcjVIyuKeJevKsFreIeW0JVvfHDIrnmte40JLRw7tAE_76Aj9rcw==,gAAAAABmZg1IV0X-dgpkMbZgt0eHa7ns96uaS1wu3fjobQ15PA5I2eLiVbBT70cG6cUcxY6MSKtiLlST5JtgHZAi51E_KGmPmXsXcyplH2sbeVR3lBFjgAE=,gAAAAABmZg1IaL51pY2P_Jh_-ChoQoXmHZ_S5fqry_pUbZIvHnzvFsDnDcG0K8__Y18VbDcvfoD52IBPgx6AiCuSoY2okeb9UA==,gAAAAABmZg1I2kccoMuFvHiWITy7mRdnd8YyWIehJS0qFG0GqpigyxJ12LsuPv1RRaf29Bp8b-oPeVjzH6NbDsWPtOmpToQ7_g==
56,09-06-2024,22:15:24,gAAAAABmZg1c_wMFcvyEvWkuKZYoZRNmqHsJXV94_hWyJ3muxTQ46Ht8ub0CIf6wxBgAgyetZ0yyjVt1x-EQg-YamV4DMIFPww==,gAAAAABmZg1ciLDTLnLIe2I6CAE4lcXCqWSqoRSKXmZJw1Hlel1mldvEgtnjIW3kgbTjipjvJSsr9YZXAKcJKEPccxokLrDNeg==,gAAAAABmZg1czWJIXs1lVN_6rRL0h9YxMviYvgNFfCek8BDqyUS8Dd7iVwlpNil4aF6yZ42cHhjZvx3leMFLUoBvHHb40MF-WQ==,gAAAAABmZg1cZCU-2FvZhZIBGFEUscVypEV8xowvSCYCgS7-eveLLJEvTl6d4d3LOx9IOIWpzDKqXYobOS0mFQFOvfW7RZ_sdQ==
57,09-06-2024,22:55:25,gAAAAABmZha9XyqDQobH4vkd-BRekIcqpYqbWLzQzy80Zrai4-fuh3OWkf5aLF9BHMp6Ac4OeixVmfjQV0rCBblIroYy30ADpg==,gAAAAABmZha9XGlwMND88nZnS7CQMqzqZjtAJ68jASAWgBaeOpuNYnQ0oVWdKc0E7VpNJ4Po4y-lCSIX57VNx0i-cwDoMBK2Ug==,gAAAAABmZha9pANs_fWnIKY41cvvtGirr78U1kHL-vwK-5To_1vqTUd2aBrArtYmQWEQU2lXW7zefx4uUNA-Oq10TCrmm1F30g==,gAAAAABmZha927B6KthgOXMj-PUejtu-21mV5KCu3PcCUaDLD_lD6p3fUufIPjLD0D0v0Aul44APX7ec66KZ7fiWHviThFdpmA==
58,09-06-2024,22:57:54,gAAAAABmZhdSJjft5YcSGAmRyzYV7jbTpo-6Di2YjZguCoWlGKlieXFauX9FKElEZ0_924P7h8_TQ5bIUhM4jhTqeWd3JYeGcw==,gAAAAABmZhdS3dciVoE8qh6gHbZgGIjme7R6zb_JZoP5d3i2wAZxGqFGZNfpcwh4Y9ORM2_nCFKanweUjfz21C63X3JdGz5TVw==,gAAAAABmZhdSLcVJwyY6mOnsonciD-8i7_qPuT-I8riwi10EH4CrfD_KNl9OEyEHsrao_6-YHvJef8XRSUYxn56kpcdrQ4sTJA==,gAAAAABmZhdSq8fFgd5QzpbxUGR4c0p_z-yQ8N__V7b7fBUTMPd19eB93GvbPFn_kwhWWIURAkUxLKs9TkddOTSAmBTjicKPQA==
59,09-06-2024,22:59:53,gAAAAABmZhfJqaeZQPkTrhiwqLDW818m0Zcj8qaHQ4m9eLrU1y5Rx6FI9tN7XwUtD_6S64KMBMzORq4RHQ7PeqowwqkoYQwKfg==,gAAAAABmZhfJaAbNSRZ_TT3P4htu2R1V1m95reKxDHsicjHkWXG3_CMsY-1pbilQ1YA2tokw6U1inx_V8wJMITRnfah0bYJLHA==,gAAAAABmZhfJL8fh34iqYF8Ockv6xnWW1r6EUhZwtCV-oh19ZusSa9NvdLfAIKi2GN8B5jzQ3fIkpBdUZ5OBrki5yjJzQmlolg==,gAAAAABmZhfJqr0X_uR_XV6J3xPtDGD2BaFLX-DDWVxk7XVLxjsRKNxKZoHVsOdrhlc0uu2RCQ4PVu-LqcU7C6CFuNGFKcybWg==
60,09-06-2024,23:00:13,gAAAAABmZhfdLzcnfOzIkozURy-PZv85Heoan1izFiORtrOy7N70tnWFS1PA5RkLeV1JDG1gkfPUsnD7dJtI5UaIlMcj4TjwKw==,gAAAAABmZhfdC9Oxa6-ZH2KsueFXJfvWxNbs1XIFl5J6rQg6CmCGLmfRN48gW0sCNTeg2I-oPO_t2TbDBQv5HmfwibhwCJHDKBg30PbATKWw_C5ggGXnP9U=,gAAAAABmZhfdOG0TWL53rlsl1M8kIyD66CVlDmjSsHIB1cfqek3rTu1KBQSc0ElrkJJcsjOZ-vIHzLOmbuhGBLdmxN9PUh3hmGL_APtBfWiqLJEznLWiHBXrNWVPPpynQkr4KeQlcz-W,gAAAAABmZhfdzLX7vZyrJcrVMj4PR6ylpgo0i1HI7Fpswo5v0l0zwGWuPjtnPg6oc8G-6r97G1NYvOIbzXAdEnFA7rA6_BD1kQ==
61,09-06-2024,23:03:08,gAAAAABmZhiMd6kgvTLUl8FkL6ZoALkVk-EE5NvbxbgDUoc95QFtXk2rlwuae9HSIzXpMsyqtPIn_Or6lYs9Zr4AdjkXtHTCQg==,gAAAAABmZhiM9NFHMKeMUM3Uuby31ISNKj7tZpKHTcXIQFks5abptX6OMVaxpiJIyla_DNKKRrtsB_nKJgvqZpzXZ6No-DHhLw==,gAAAAABmZhiM025I_2KZoeKRHNBp1Z58UcgYTgvwBedov1iIJ8ADMwPVVgbetFnkoiTG42vhd0_yN0-AsaPZnDMARh6jELhFEQ==,gAAAAABmZhiMENAOcGgxpi1pxSXjBMLaKBKncGM8zaTihFb1R3Ymg2AkV9XmDeXIxdWk_25IzcWOestOCLXESh1AhV1GsPqHpQ==
62,09-06-2024,23:03:15,gAAAAABmZhiTGvOm7WOHEuu0ZyX2PJX1CTPLu4v4ApSnl_UtSnJMCoyQQknEZGMEhFbQdatCZImQQg9i4kgYa_VrGpJTI87nnw==,gAAAAABmZhiTkn23w8Lo140zdUYB4xK7gCG9mVg_pvZrCt-XT6erfncmdXIzS9ymGovYf0DT3Nx6RVd-HUmqCIDWvjbTB4ZLUg==,gAAAAABmZhiThMIE6jQdiLchbCSvOat1BWdIvb2xUJ4SacUUXXnQzOM9AqwbilLoe6jbwZgQtrERRvkBGLjwSROz2igqV3U0jvxsBmT6L_4jU0c_g-Li_z4=,gAAAAABmZhiTSaViK-4EkzJbXMOqbaww5fKJq3kFoz_YPBZLYfDuY4Wz1DieGlTtdSU8jCpENohf6-7po51P1A8_ClleRzBPTA==
63,09-06-2024,23:05:40,gAAAAABmZhkkx-aNTKCFf2OOCc4hoE028tXBOcfTKYm19295MppLl5Cq7PqlinfwafuxPJJRlPEAdGikvkFxm-M4QK-HEZwsGg==,gAAAAABmZhkkKWQhoJ4ZnGAwE-tK4lbw-uP23Bhgiahzg8xbbWiNvH04_IyiYg-Nfm4W1_I_Q1OsGqh-VTGtH-AixsJsz_mi6A==,gAAAAABmZhkk-m4BjCOkOMhT6-DKTf0mBM9JcwiGskTGecT3GaJGacPGCrE22SPhf9kVxONDQJYRo8KKiCqSFPQTkuTjq9dULMBI6v_3AKf4NMyTRFbnDq0=,gAAAAABmZhkkvnR8TdQt-_4uZH9TM_WWeWKqwp_MhgE6OqdEEqMoeCjnsFezHmSHn8a32SxxueyPjD25RhDEpV6kRN9sO5uUeg==
64,09-06-2024,23:06:14,gAAAAABmZhlGCZrAFlsc9RAwSwtZ6Nqy1gODSQ119lKx8bv3WMyTcTAcra87uZUJD9iK219DrOW7vz0knT_JYoJKAvWK2zKU7w==,gAAAAABmZhlGXiagpAkX1vV1T7937z9nlUdtK8jPTplFtUycb4KMnGwVYt1CnOPv8pO2wSYkf1mSpgPHn_FTaNPJtnMi-QX2Mg==,gAAAAABmZhlGKsxmx5vIpxJOVN1xQ_bUYjlxdOAbpDhj7dW9It7ftkrxd3TumLl9oNSJjVngmbZtVABhlP_6N2T7folWI2BoIUvOJTn4upS3QFrOkNqFgIk=,gAAAAABmZhlG7ULvlPF12r-R74bu_x4ZCQpPT3F1Z4yvA3IOYNYSFer5c6ZcIba7PQhttT-GZ1X13JJN2nJ8pkBdWUrbOEWzRQ==
65,09-06-2024,23:09:59,gAAAAABmZhonorDOwgmSIVa8v5VSTUQ0iUI-kgzqmrxuip4keY0ek9azM9n37rbBuAW6nI7BycuF3YUdlaoTEgoiIjSL2-m97g==,gAAAAABmZhonhox69SC3QCCmDKe8Jaw-HBVXH0NdQql23hiVFiw3TbPEfznKpNAHvoIsDY5TSNdm8OhXRoVQNx82V9Nb61qHPw==,gAAAAABmZhonXDSXsHUlu_hE7jQ3-68xLbp7gL052tczgXLSLOl0MAwya0uO-Kq1XLOQoSWnhMTd56uo6IfkvOVtV87xx4S69Q==,gAAAAABmZhon4aOsr5wBqcDSNVTJg9tuhwDtmX1-YubcAA0vuLHv5IYM7ILVzwRMGRgSc74UMOey_d5d5p5LnmbfYqkWVX5_ag==
66,09-06-2024,23:10:07,gAAAAABmZhovrt0btT-dPeD00ZGSPetr406p6iclY4LJPCeVZKmmUCylcYh9qT2vBLCTleEaE0cuBEfXA7AtVdS-er71nx9y8w==,gAAAAABmZhovcEew2UnlCLIcMQsHMB_c3uhWx4bXHLd76ek9Cj6FB7nFzPNmVRaGkvEG1riO94QCxytGqR9LfHh09Gj8iLR7pimwnb9jx8MJwtSCnI38bpg=,gAAAAABmZhovq0H36HskcvkExFsVDmdQ1B-UavkipozP4Do79SGhKR8SxM9RvK1g9sRPe3H9InjaZ1FClKOrqz1JVOgnxV_I8pZRUb1LyZu1l_NytXz1dE4YSF0DQCZXLlehm2OuE1KN,gAAAAABmZhov7nKbwuDGZTKobcsNlYHwNw6f59o2FE4EgwwEiGgq233z6x7KyFs0yqKDxuUsNESXmjtANQwnIA3eDRzxQasjEg==
67,09-06-2024,23:10:23,gAAAAABmZho_yKpbjBG7OQBBnsPuWxBvMvQJJYakcW_0L3TAS3HD31pLM81FVqQRVDp3qn7BRGiKazaio4WAF2TE3zbtvDWsCQ==,gAAAAABmZho_z7xQr-JvSd_89jPB9lLEhb6Q_G3XOk5jnCPQKkf7mTWRDXgTOXHyn2ngR3XiKMzO5QmXA6rDkFYFOnem4HgbmTRAJb7IZVZpfFGQpVhyZFY=,gAAAAABmZho_eve5Q-0xumz7gbLc9UwLGXrGCOlHkdXZxRvXnYk3G4jQ6NI0IYnUCRtafOB_IOmI9DdXyGgBioFgJXLAzAe9_1RXuwo7JhJY_lLcbR0fdAsJaqkA3A4xhxUdg_xzBUbR,gAAAAABmZho_15FRS8R-qAzv_Fdr5nVQagOyZVoWpXseQTRrZwCYqAbwgh7iPj95ymiw7cAKcbvveMxQBQKYX5wJc1-Sx1lfCw==
68,09-06-2024,23:10:37,gAAAAABmZhpNO0GXzbXKJ5NFvNXazb2xNZpt6rkVAtSQ5YTJvKTT0Zkh5hu9azXQhXIQX7O_Tyd-UKa4VkSlQrj829xqNYHL0Q==,gAAAAABmZhpNDWBuuGzf7uJLfs8N9TZiX6LkxSwboCSxHR-hAtEdgMIlFkO8dihe3lq-QN4o4m2wAMsE3Ah4Sr5OHEaIFa9T5A==,gAAAAABmZhpNANiaDCymn3ySwzcioNimsyRcyDBub0VPFR7UKrWR0EhdP2F44vSMmQFodvtmfuLunwqqdmp8nxXG4VjQ618TMASn4mWJzSaS1dNrck5Qi1o=,gAAAAABmZhpNLRM9ensqx7J7G11553YJ3Ksl_WG7GA90HgmkaxpbQQ_tfhMcpnMv--AG12io12bwQFg9XvMv1g_J0IZ-x1ctfg==
69,09-06-2024,23:16:32,gAAAAABmZhuws2DlLoTUV1xN83nuJ7iHgAP_r3NoSuAvAxEM-BKtHEyzA5KIwRm0el_5T66Qk_I28XSDy-ooHeZQA1nkfb2z6A==,gAAAAABmZhuwuihXGi79FgL9JyQ-oYudCfTvNGfMhzrK6Bwz-_Vt7BGnnfDV2DSanisHnZBIG5eGyIm8HeBsRVD45ejaLjrrLA==,gAAAAABmZhuw2SNYX_LzkqhQcvlMBJimcEpAghARQUf1WWW-uQQvzr-1kPuim7c-0FUOPYvmovD5JJEr9ztL1Bx-y4UfrsdcAA==,gAAAAABmZhuwYemBsgoF5R1N3yUZJHs8aKdGwt7AnzOFXrQpWkXZwn96OTgKnDkdsX8gRb3Tft7uSJhx-9hAGGuCH-KvHmlnvQ==
70,09-06-2024,23:16:54,gAAAAABmZhvGoYHn7UofJf41mpI-awjd1OIdTlS363C3qMIuMZfbLskH8bowfSDOseFSlj-BDeI3KKx4NU-mJnVE7y30o-SRoQ==,gAAAAABmZhvGbrbHISZLjnboMMF7sZ9WvqCe0LJcxKQEfOOl7-zcPDimFNi2da6I5HHLJz_hW1fp9NeSsUV2ItGoJ9W22ar79g==,gAAAAABmZhvGQK50FHuFFep0oax8AHiMzdXWgwA3XY_bYkAfe0BrodVKliDxMXfBS3y5RDrgoy5AtGdqQF6SynP6OmFrOAm09Sgs0f_M3ZYxbS4TlF6Jna0=,gAAAAABmZhvGZXOP5d7NH8Dg2wwm1PqBIIYTgvGIaFeB-VzTLloYjviQ1WjBB3MEwQHmuoYP6GG24_YEu_Oapkg2fjjurj0NAQ==
71,09-06-2024,23:17:06,gAAAAABmZhvS9zuk4mk93-7H5nCAQslXa0XVJuncPSTXl326OQnRvLRyT-bttsPSwKhQd53fibpNulOhzue9VTGBwHmzzs5AqQ==,gAAAAABmZhvSE4cXzwO9vbi_BSLX_-DXDrO3JBzLF859_hzqAFd6vQmSF-guB4H_JTmw8O7sFSBlXWkmGofSKrA1uM5e4Pz_bdNhNv7GB7gy_Hihf7mb3mg=,gAAAAABmZhvS0W5pqQhNOPGKjb0gwBPJWhUTqybGhxgzxRvXF3QuitNBFr-y7oFQ_zx-ki8QhETfgkqLFSoYk0LW9ef4V2MfIUaKlM6xIFDzdYLb5zlihnCOV4pGlvuF0vXMAgjZk9sl,gAAAAABmZhvSlnMTiCREA42o52VzaMteeL0eKen9ZWA0ahiTdm51npNmWMNcNJg82ayjUUgt03EQtWdSU-Ualg5CbilH336o3w==
72,09-06-2024,23:17:24,gAAAAABmZhvkKTgbUhHr9Wtmu2sXPgRkRAgrNbpAk0Cgd00UmgQPpXLXbJzc2tGDLfU8pvdKAebOaJOtnu7hsgaOppPD461z9A==,gAAAAABmZhvkDvDSIpvj65UJzU71IfgVyaDM76CpMhk6nJGKHNswkhSWZekTHfq_UrMstzrex5dAPcisum3mXzQD5UvmFfKchA==,gAAAAABmZhvkb3cWz1L4B9mZmmZCMJxvBRZdeg4gqBUYuFDuqunkenExDr6GHLgPL5nZwdzI_oLhAuLxDKphBdHN6qprPZod5k1CPU_vZM4w2YB1DFleCok=,gAAAAABmZhvkHY7NT6Jjf82a57iGJ3q0FPgnsiQV8Az2xCZ3A2b7lNtdGx2r26tUjo2LFenTW2shUwlxgbXTVHMt0YwsG7_wzA==
73,09-06-2024,23:17:29,gAAAAABmZhvp76yHyEaA5cE4IG4Vwr1S1Ezf-bGD9ft8nzphKwFfODafrDP-42jPBqI_ILu9IoYTRJvmhIq466yBYzvpbBXqwg==,gAAAAABmZhvpeKr5l3Mvz3PdHWX7tcRdPHX5ccS5YvMeKVaAyDBXoqWnknncQ8zI8yTpwENI_71Pl6unZPqjxeJimwQqLXbwhQ==,gAAAAABmZhvpBo8brTdqA3HXi47vhVx8HpmFvmlKT5BxUAdMwzPMLQApMQ2yo57FYOUkORfjv3C7bVeNpKXzrPkcS3ltiqaikCUipUSaoTrkaZhyP0lAlXE=,gAAAAABmZhvpmV_q82T0tFySu-Ph-F5RQNQi4bFMK09WmSAz5SExiuvcmZQ2clzeWCJtB86HmgNtueQZASWtsM1scCt-7pnnbw==
74,09-06-2024,23:39:54,gAAAAABmZiEqHQ3TghP9GjJeKsNSszhzMLDTTgROUQXDtUTRQLXUUQxH5JVPzsP6z6EcmHGSWizdpLE-0GQU11jTIs_usAbRKQ==,gAAAAABmZiEqHYDMoNVqagvJ9kUbKMBqo9-NZfC03L4a5ba-ro5LCrapuEtuVljU6dEPtO-ea0SPflx9dUBBmzrpcSRAk8L-8A==,gAAAAABmZiEqSmgwNxRoESm8Q-iIMwBaXi_XxhZSOP7AL9iiQQM0N6tn0LAdNpfZwJPgKkjWOLL0-Q6NybMCifVPVio_LpCDiQ==,gAAAAABmZiEqPeeyWtasI8PKY2DFPwvpe6P52sdlhDxHpXIN43Smep_qHMlKxp0qn9ue4vq7IwEYfoEwryHQ3WDfzSan_B3OKg==
75,09-06-2024,23:40:10,gAAAAABmZiE6pK4-rwhi_UZgWiZTvMTdR8jkIUMarFZ7SXcuPCvgwciPhRiaN4hcSbp0LO7jhzjGZoE9ozV8WJ9XMMmOrtT9Uw==,gAAAAABmZiE6VBrnuVvmUT8rdQCeM35JA8BequxrUIIVnqsSvk0LFitlkGJ9vRiU_uYSQrWJRlA2qPzLOdjdd1wCSiO8GKGyjNX50flL9C_Njf813a4N3UY=,gAAAAABmZiE67GxtmxxsqHCLNVrWb_zSInSgTac1K_l80sUhl9OdqGuwKuXq6epdS9VMJX8AVN3N7vuenzZLSZKaVcVuobnsNgCEkxDnpZ8ZQUWBTQXuIhicafJQwGOew6doVD6qRh4c,gAAAAABmZiE6i3PpWdztxXq784kC3itBKRSEXTYt7F3pG52d9SfkVCTi62p6xKkbcqhlbuaR3ILbSd8eSdLS6FQ_CirefgI_Bg==
76,09-06-2024,23:40:18,gAAAAABmZiFCq9dyH4U3ytNvjgvtisY_rgZdJnQdvZJljmE8uwC3-obZ1iAIUHWBvmtxWvSC08_r3S4pphupLfnC3frze-GF8g==,gAAAAABmZiFCKCehwXWG7yUZe1L18UdmSmEXh92f_BA89all-fCRhkSkzNzgHEq40bDxnsxbbNuARI580SM31iIMJQqex2_5ew==,gAAAAABmZiFC88it6t_JMhbnwEvDBQ1QZHg4QH0li1XBEJSXIIjxdf-6I5Ub88C6wMJEX0d4zZdzmF6Goo5QVvCnHlNdbm5gx3GEdzs4QhfJ9DAK1HRyjVM=,gAAAAABmZiFCcLGF1Tadz6EzaqkeR7PeCBTc7K2nmPvwYPDdgk7cd4LzXITAA_17SfXK3uNRH-Vay7wsyaOuZ8DJaS5KggfBQQ==
77,09-06-2024,23:40:54,gAAAAABmZiFmk41zE7UGjdUiAqGBp_O1jVheNZIUbV68icQSfyttpS5JeQw3kzjTmT4_PsYDav2vy3kQr1ku1SkdFWbgJ3MQkg==,gAAAAABmZiFm7HZPm4liq85RRu_0fy_cNc8X4Eje2AkfbUFhvW53mGPMlAM07WySW0tfMKVNkJT8pW4oc3kraU-XDXJVoMms2qqk0nDBuGKFWp9dWoD7L8g=,gAAAAABmZiFmPu5BKy-cia-FESvfI4oiYn9QfPZm3km6fs7RuCnqOAI76xwiK9xp-Hj1LY5aeNJdrIS0MBHMfDYiR-qxurGg3qCdt2xUTtg-jfuctQpNRuvaTv7yB6qDAYXsT8diCotd,gAAAAABmZiFm_ULSFr5epi0aQBsfznJB3GZU24axcvMEXKWxaf5ZlYrRjmP7pvHMzmOFn6bVsMmPAAcOZH1wyG7NglCYpo3oyA==
78,09-06-2024,23:41:09,gAAAAABmZiF19bgRTt6SF08KRk55XAtkj2tT_j7njt8HjkmnXJh7p-1rh5YxXcFs0WtcWyB0xAibztahunsQR4pW-nYsfPAgVw==,gAAAAABmZiF1BeurHnoWGVERDqeYi7BlDzjw-oHZEpMMTE_DabDM9lSssNP7gcWDvavFRyfkzh-ye5oPjb3V490jhTscEhzmkQ==,gAAAAABmZiF1mG1i9EOBx7Md9uvA0rAoK9I6usMKpFgQdha34W-Pcy2yokXaZO0dK6PyJaEGHCEbr7gV4CLM7ZvpueywiOS_54GPwGrsvmYMpYsaiJm_8Y8=,gAAAAABmZiF14JnUnSTkEjdEkoinoZjkBNKxo6z89t099V4ndcVKikOEd4BYuXl9ZPpALrLAMkAjv5l89OczGJgdzRk6psz6sg==
79,09-06-2024,23:59:19,gAAAAABmZiW3jelTznslq9wP_KGJ7pzzi9JjIcxTuY87WyCLpDkO6AX-ENgdEpEceep5dvkwcx5GvQ-fV95a7ddPOujJZAJ_Aw==,gAAAAABmZiW3EHNGqaYA0pUtb0Upaoq4CG9kIG8wMYHP-enRm4TuTcnRSuHGHoXjlyDU6Q-2hHyrcijniMgKM5pPL__xHyjYfQ==,gAAAAABmZiW3VKUewIFnURFC-sqI5qGbkMoeTSPXDuYMxtBbXN7IiYtSUe2f-M2-KZSuH16Xnp-dITM0gzR18wLwkMEzlQlWkA==,gAAAAABmZiW3aVRpury6CP8IbLtry-djFLhspLJE_SCPstuPZ3mIOPpmpIft--kdww-C64TyXIgtUTPd0IcS48wNjq7iaRdYYA==
80,09-06-2024,23:59:36,gAAAAABmZiXIb6FffsYt72EpK0PdHG9i-YqR4AfyhSAldpP-Cb74qphBsOWnvWrnLH_w3BCQyqeNW89LJYEjJcXo32u0LNtTOw==,gAAAAABmZiXIqMn5rRCYEKmzVbyrZHZAx4pYY27ZXsoAiBLuUb37K15vgHySVe1x0lpMOd2Al0YkusMY2Jc6egOaiAwaU14MWD8R7_UptKvCvRwD046-t6k=,gAAAAABmZiXISXrT1wqL7ot5TfJphlnhnR0FtHKOScF4cnd5qUBHk4mkpLMamtukawglGFAD_XEjEa5pfMDRG5bJYOelgjLIiAHN9gXEymvx4yEi4grSUwLHV8ZzuiAiELrNmTpDfidz,gAAAAABmZiXIMiRmACjkBhKqNOY_YEBCLrKF_6zUb63bH6AxiV6DI8ugDastgbhwgcvlRwKwBRqWoS-x_arpmzkUoYHtQRyeBw==
81,09-06-2024,23:59:47,gAAAAABmZiXT21RD9UzAyDgU0tIibzWWE6veB9QtNweCbIatlwHsLsxIriI5CyTPAlV2QwBvU_OU8FsMkkD4Pm603gW3RM-kxw==,gAAAAABmZiXTHFGDBmwsMggIVPPcJbJw1j4IiU0Jq1sO8aNKZt0PIuvyX0EVrK50xRSAsFeAsJeHmuaQNHllUfNPgK6FrZunRQ==,gAAAAABmZiXTsEmzti1dAUJN2sbNI7apLV6vPzWU7baGTGKP0j5pcogxlzitwRQgVIEsXp9i7-0lFifkYX0uPVFfeswRyOYLH1gz9vL-voD6t2hJ7I7gREvaLBicL3g9JoDxY9xQuLqPicU9SABjoeSuFwosx3TmoQ==,gAAAAABmZiXT1PfF5CKc1w--BlGb5xsqYi5DBj6CSe8oA6NzIfIygdSdZZxnVGEqa3Ft7Umm-XBlc0gbJkhFLk7dR4nuv6TT5w==
82,09-06-2024,23:59:56,gAAAAABmZiXcE8_nEvtWMIXuqsddCRB3vYTcGZzZPL3J4YEacL1rW0eb_4GuZ6_ygBAijdoEE9vwO4mdkq9tSCtvU6BNZmAGMQ==,gAAAAABmZiXcR0RGE906xKXw_KAJ6jxQedkq-N798_R0PTm7kEyRPY89MT936LreBs8lbMPSYHvpcKIQ7GSMdxceEkfZ8iZ90g==,gAAAAABmZiXch6pc6KTXCzWbUU7djfO83q-5Wm4l0mIGlQcaiTx66hMkBrw1AEaxw1hIzQfRDaoV02-eISIDhHQT9rLDKDxgsRFCBMt4KWcq2jCJtHTDO8g=,gAAAAABmZiXcK7qumnkO5l5CxbmORhcy3jTQp1I2AB33R3B-4K__dK97A2KMiT7ImFCLyR79pzyCSRsa0kCsGQ0ZvWwoPWygLA==
83,10-06-2024,00:00:23,gAAAAABmZiX3zaGxy-Mn0jN5KIeE94GfLWEsczsYAD9MfkWW5Q42P0PnEqfg-sK_Pi72jEITk3UUA1eLv5oP_LkzEMpAsjY7Pw==,gAAAAABmZiX3qJF77oP6iKQHCcxzmNdvDGFXuJ8ihRzOkuToSAJgb781ooKWnoFs6pZlVXNypzfkianaAlffi4Q6uNJ2epQlq-f8QeiP0QOyftk3-fJvJTw=,gAAAAABmZiX3CjIZ8WAxYq_IC5vRrCp7wGp4HP8_FKVYFZ5Ic72tmLV8MbVAlJfLPN76XXacqExPeFemYMCXVpM5vRbnck9NldkYB01Zhq_ub4v2Zp5ffzA=,gAAAAABmZiX3kAx6CuV8aFD8FawgQPY8u4M3dE7gKHzWMYxyCqQ4N9kPjdkxRNYcqmgsPuAMIQj3kGYghsJY6oLAYqB8v9VDsQ==
84,10-06-2024,00:02:30,gAAAAABmZiZ2Z9cuS2yFPMchu_gjLjaQQEsDrEZw440XDX70AdV58G1QJ5sYY8EeqRlOLU_ty5_IIcbdnV9vmYvJOuEJ6RLqFw==,gAAAAABmZiZ2rcvFpA4oeoWoR6gvYQW-yGdpCLCWnUqXFkTp59bygiKheiTr3vR_QcOVmgEyUAy0ZbLXO6tEkX1qHxMaZI8GTA==,gAAAAABmZiZ2i3ntIb2xn_PLyU0PPWZKncMgDF5GXtHKLI-QvEWRuSnViEZHbmWCTlVOsrh7CV-L2KmI0Zg68P8ZVnrOphKRXVpAtWBdy6T7SVbEJ9DTupA=,gAAAAABmZiZ2io9aa72xK02QIx256S1J_3a2MgRcrMHBpjzJjyXzpkjMYiaIrKt7V-_LY67BZw9QQoFUZybIspbuTz39xTUtmw==
85,10-06-2024,00:04:33,gAAAAABmZibx70ivy9IxZXzoZxapM5BbII92phQZPMRKweyKK4vYvcHYgqBmtQe4QnbzH7P80ZFuaaboVBhBT5njw7rh-K7qbA==,gAAAAABmZibxWAbix5ggHCLQQ2Yzr42dK0coP9FlYUUicTszJMCTbOBUW12Hnz5G39-C0ilnx0psdiNoDprLDfgxczMlKiUAYw==,gAAAAABmZibxL7qqgNadpVXm1lVW0ONtjPFcp-aWylsMagF5ZXO1EySgztfVsOSnmhyIjsHEkPapMvnSMvcdKYJNCkCPbmza9g==,gAAAAABmZibxf4-izjOZ2Kn9tnVTb3In3lqz8nXmxULRz9RgsdSyyTtIrInBcV955O-rYJd_Ev3VZxhkJIbMhKau_PuvHSlmSg==
86,10-06-2024,00:04:51,gAAAAABmZicDdpOBFGJ7SZTYAgt02zE0r63XRP7FmAl_J9PvbDr5x76ru_VG4t3iU4-OGw6lyCpw6-EIzon5q-12FaAHBGZ78Q==,gAAAAABmZicDNTgJw7zw8Rl98kOSBaCdIiP4Txo6MYoM3CdRCw8yPQritYfCsQz5n9TikIIg30vZ-MB41ihbwRJV0bQNkJy_COYdVAtAVQt2Hg7xEwjm4OY=,gAAAAABmZicD8UFtZK_xXqMndYbFOUNVUtU4IQmhXBwezuvSGJSx2CCErg2Iji9NINxGFwJHofPffGF6Se5ZFPqyYd56GFU8Zqeg_z1xagLez7rbnIJpklZzthtkiGRn5WizC_uuEwx3kJftLsQzPkNtNe0duqxd9w==,gAAAAABmZicD_ORfzYjDcEqgGLMs4fyC6_qN8WQOYG7C7b4hHDGnh-O0YLeWu2iQImkuXN9W3uaB9La_7qzBIgVaCxgt_HdQ_w==
87,10-06-2024,00:05:01,gAAAAABmZicNRsE_dciXPUdDZnzcUI8zKGr1gxEkmauOrvge7tKecKm2DG90jOj6hWpWv9-JWLtCq6BkxddpPlI2MURwiF1V6A==,gAAAAABmZicNG-eBfpL5JQI8Qgdw0eVGJeDH80rRKOZOwTtiNGn10K-dK4wx8tq_RiEV1FFyjTNQW-XJBF-FXVt4f0xNCUVLgsrlVC86_Rq3VsNIdW3mRkw=,gAAAAABmZicNoyOGhgmymjQyPzTX1Tmx5WXP4Ezw9s1NVxkZsK4fEBfycsLPvMtipplPRhfOtuC1d2Uz_7cFP-eq-jYB371OF0uf1v_C5TSd1gqSf_UdDWVzvG8k_NOnVsmQkPg2vQOt,gAAAAABmZicNFUwHHtN_CxWSfkHUjG5NwaTnCkEoYgT4h40Z7IlIf_q6XVNkwRLiIUyTt73R2eWBTLrtjjzrQhN10QUSAPmJUg==
88,10-06-2024,00:05:12,gAAAAABmZicYzhxWHngDC0s8dm8xn5KHKBHQefQHIsqwESxSQLBIctijcPHQu14LXxp5KYykM7mP7h56_hZX-qXDr7wkUOs90g==,gAAAAABmZicYyWjrpnd6kD1wPyGRP8QI0E-DZ95JGXV83EmshD-h6e8kjoKWBZeyJi52jqdjN3Vsq4C56CT52Df1Z0G5J9AtkQ==,gAAAAABmZicYvGM_FOw_LOtb3YlZ9LA4FSoEq1aPMH9WMrRfs3qRBNHd4uk7LcN8RNbMJueVmrPR3Bcgtocm4bAFnuxfem7O9AJVOfvbw1CUcckwmhe6R2mik_k4LF1UI24Sq6Q6WRbDEJCB2gLQgw5xNVY3IFJocQ==,gAAAAABmZicYyeWpttzaM8h50gWib7yAZZVkORW-fNvvQKfor9i4QFXQhmakEppWe71L_jS27-M3i0LPsmNozhSmSwTqKeWP5Q==
89,10-06-2024,00:05:29,gAAAAABmZicpByZh-TidN1OvE6-9L2zLWKMOyYgwVF_Cj5_ugtDV5L6dviG8P6FDQWe9n6De0z-ze2hGoDrnJEEZxdBKEGa_YQ==,gAAAAABmZicpUNOzWOnpBLvQQl3_ZAOd36QaqlCNJTYkqR6HpmtDwcgjfwajY8KCYW-0HKaV_ip_E7gGUL136EeZ-rKUJWZz6Q==,gAAAAABmZicpFZF93d4jEWNxHldIdIXMQ1TBcU4ktC16R4W6Bc2j2mP5r1ZvYRkEL0taXcoyYwfqDTR7MpmdnDfI_1EfXRoohtRZlqIgOAdd2T3uPCil23A=,gAAAAABmZicpdLraQ9RsGHquWDPNhUIOHL99guQCH7F1pZnj-tMuZlAq1N9BFclGBtt5YJbvTqZalghASa0Nh8U2uHujMDj0cQ==
90,10-06-2024,00:05:54,gAAAAABmZidCnunMVInSyk0VNL8IvigFnBwedtZjvi_XIu1miNx2HYVn60kADMuoaBYpQDdpQ6_mUkcoUYJ2-EVHuj9fEwQBMw==,gAAAAABmZidC4kYpuRAm9N_VikD5Xg86So6jIGLOWuqiKOYvGb847OQpGBqWIlB-og6rkXpWcWXi7QcWg46dxtSYUE9c4YtiIQ==,gAAAAABmZidCmNxHJDtjOxBSSwDK6_dgA1xyGzC0BXZxsSSKZKB8dsLZaAlLGTDTu59QEpragievkELAM7nlhGZ7KZI_ABC3Sw==,gAAAAABmZidCULHJnol4eTyP6aZ3BUUj8Pv2MIpR0FwRxx4A9tsx7zoqFQA-f8I3KYIHF_MYYSkvJLDeZU-AOyKoj7W_0eodEg==
91,10-06-2024,00:08:16,gAAAAABmZifQqsTqvvsNfmrZSSui1ZCfERowwWf7Ys-ZdKwpXO-wXURGzzBAdE_StFGBloSyIPwCUnbCPQPxp2phjM4TdPei9Q==,gAAAAABmZifQ616PCkbhWsSWaLZrt1bwDkicv_Dcx39MpUmN8UI-hk8ZTHjF0tfV3ZUpWAS-Rt0tmpOV4HV3535oOsr3qa70pK8DETGrgoKlydUG-t9jVoM=,gAAAAABmZifQLJm_3lM-IeBVTmpyNJSsAyWxqUkttwNH8OunpzKvaZozVCZdxPHpFi2K3rfte_ruyOIJ08Xo6sVVwgNBzX9sow==,gAAAAABmZifQlToswEZTNww_RDD8XMrjh8oAoLpRJ9YYPaTDvvG-HW0chPiP0UEQSLX0pFDjin0X2E7U4AYVs2kHPqPqmTD2ag==
92,10-06-2024,00:08:22,gAAAAABmZifWH8cLg65fpCXVmZVkrHZ61ujrcbvlBrdRNuJHLA0NKjLjSot3eY2pS-lqoRsKJzCYZoIDN4qHKDCRx8ZVRzFJ7w==,gAAAAABmZifWtClzoHOQcYRRWBy2BIxyhIP4L1jmrz6xrGavI8YfjFzLz6Ymzn5ZSo06p7V6rp9zHFed0vFN_QtsfvgM_pzOtWuQNvw1zfBX3dVpA1-9zbE=,gAAAAABmZifWfb463UhyMpH32q35aIi2XDuWJB858POpUjhYw9rLPReaIqvCj6OIKMJAqV8I43IRvUzTp8kuZuRH-jNqs6go8w==,gAAAAABmZifW5LL4RKBe_q7udoWTwHxwRX8jy9adtfcL8iU-wEFwvduNd-9Rhwpfoavuhr20VIHotZa-CmStB7QAnftxjnffoQ==
93,10-06-2024,00:08:35,gAAAAABmZifjTeV-rOm917Wp5WfHzcVpi8SJdi2vjTgvoFdtzHltOgFJloIcrDdV-R__rlFT1H1LlVVhQfE4vqGft0b-Wv47nA==,gAAAAABmZifj37p-hKasYFdlmgVSp0MYQZOrb59ucWZ5BmHQoCfL9i61u5nuT-dGos5wYjdCHhiwhCT9Txrp3rECjNy3XjlzzA==,gAAAAABmZifjzqG03ZlyS_thY274I6KyamRNHo1CKU9LdsdqII_TBTwnPZ5KU3U4fRsT9ZV5Db2JLw5riZkPwBb65Rj6cwKjvw==,gAAAAABmZifj1ZUmqNDdyUg30xsikQimsng8KkhmJv93RPsQBPjAe_58W03StqBVrcwt5Xy2aK2A8U83yL7vanXgZY9BJW4F0w==
94,10-06-2024,00:08:49,gAAAAABmZifx6n_Ur0TKjmJZNDiiTC0jugx0WT_woclBBKQxzrsu7ReUqR1Cnvn0-ehWNRpGkJnkOFXJZ_gxtZE5WQTzF7lZRg==,gAAAAABmZifxQkJxmkMNIjIaPIsPuXH-rreYCVaWFkuJZcxnrlp6FqAIV3bpQlU6nxMCSe5nFQ208ljqO2uEmfnbivYEe8Issc69eWcxCrNaJPmJ4Y7lCKQ=,gAAAAABmZifxEx_Akj71hjnyAiT3mS60PzuAMpS81f5WCibOhDMxxJKmvuBpJezpVg1dJopWzsauySjL6NWEejGe6enl30F8TPClVa_mLCNUuzGFswakoFQ=,gAAAAABmZifxNyQN-iH5TdhdbKFd5hlFN96ncEOuxMHJbgKMzc4waYWHGbVmzitpz1dAMhhog81-wxS_saOIflDzJL_FRfG8hg==
95,10-06-2024,00:09:03,gAAAAABmZif_QIgpe2F9Af_a8_uJL3s-5Glv6XpXzpmILmR0YGosBHfnzlI3chP-EtiMr5AcfUE8xXHZopgDMQMcMjLRzSotcQ==,gAAAAABmZif_LYtqD6Nwx_0puEMQMf6jTKuywEwYTLuRVEqIJX9uUsLUJGgpFancRdcb4g_DBhgrEWioETFxAtjNzaXm9O-phQ==,gAAAAABmZif_pwmz-zHRCbdw3H7sIJsBZ9jFr99wsQ4LMrK2nomT03E6LZqJFyotQLvcCny7z64vE0vFhc4oklNB7yxpcQAz1Q==,gAAAAABmZif_x4qlVI8xcViGvochqtUsao1MdSXiEfcolxmaHjra_KiJXAJ2Rr9Bt_-OyFRZEdlKALqgOCIfyikf64aXZOjkIg==
96,10-06-2024,00:10:18,gAAAAABmZihKhIcgHTXcFNQqE7gKcHcUMv4pv2JaZ8hHQ7cYC4zRIS_FNR7O39vMFmlj_km3zm0JKn7_GBdHJxeHNxfHFdI5Iw==,gAAAAABmZihKoVDVEcFZhDQX3tWszGhwm-XM7awNidW9a9cfdqMG-3F7nvYxBlAQYKVe0VZTlIIOoOIx32uaYiHbwKy7QKzuvQ==,gAAAAABmZihKgvCrJQ0ze_qKwyLBbTCw3ISRBqgE-4ssvEDk4ZNHZ1dDm8ZSk-YdrC0EV9LSdHE3ULBb75VrdSzNiDVuUitweg==,gAAAAABmZihKqEPQZUVrY8N8DWIF29tuRSEWvHBIRNEo4vzyeOjKgq2xTPw2fsAUhH6WbUrs_BSd8zqAkmZwembArLmhqe74Lw==
97,10-06-2024,00:11:09,gAAAAABmZih9CTSpUxoSKUOLRMTgSwhVpqk6SSxDB_br-dVtvC7vHyZfBq9fg8y1VuwADENBmKzEergvpYERXwcjzNFy2UCG4g==,gAAAAABmZih9DMC1E7gWnMZ-bCgXRb_S3QwHuHEZLwcvoWxZAlqTVMneKNzcxQxnL-qrWy127v-0yhqMlOG9cXpETrsksJMuh_MZPnuylG9CQXolNVe8NFg=,gAAAAABmZih9QSEO4X9FTcbRECEZ4eZIQq-9wjg9-9Co5Qq52JjloVrntByk7ArrYDJa9EvmAAbh41Nu23X77o1_0CIoNCVisR5sJeL_PCkwmeECc4tERbw-nM_LANx1L_d2YlCcVnuV,gAAAAABmZih9NYaMvmSaTm8XQwWmUuknZYDQZ4v22nLOYkLDUF82DkFts6QcsZAJEqCFXaAicMtCV3xazHnDZfJ_Lxk_Lkm3RQ==
98,10-06-2024,00:11:31,gAAAAABmZiiTLuorMRnpOMCV2tpyiUJJsgyg9t40twEYHPdxxGJRthAaS52KM-W21cFEpGMTAi8mA1GaOUxnetQ-SzptKQJ5YA==,gAAAAABmZiiTEbtKJBppv2kM1TTQHsiz01giCWph2mXq3mhX9PaZqiRSKCiBs3C4IZ2wFbUX_NslGn73fIIcWaKllMaSnKRGOQ==,gAAAAABmZiiTi0xuOJWuka-Q4KVFPwD_lrClgKDpeZO8agnTYKidC5kdGwNX1MPxx0PFIgqtVrIraQ6HT1YEtrMoyBc62D-72Q==,gAAAAABmZiiT7izekUowpMp1YTG0RfEnquR9DmXx2BE4vmfdWXFR6j8Pm5wgAghCCWr8-aD9EjyaOwlSouQm8R4BvZJnAAM4Wg==
99,10-06-2024,00:12:00,gAAAAABmZiiwGm-s3XRLJgJcIDapfTKS8y9omrvsfn6fHsec2YrGzwKzlVOk_Vt0Uzm01dfEcykiMwhAQnjOJa9L-GUMR9nE6w==,gAAAAABmZiiwsojUbov_rlpFY-zZDUR0Th5_zQ2Hb8msF9RGe-ltLnztMVEw6k2pcJagOneiXwphoDd4-1qY7FPYjA1x97khsshLWeHDLi1L13fAXW_ZzIc=,gAAAAABmZiiwwGri3kPbdlTtHy2_HMz-_ye4m6ZwD9sYFzkn2--Zj4wuv22FPvQVUR5UfhPpYLGbTNrzbS0OjNjGssuIXorkrDey1PBgV935OaFBgUB3Uag=,gAAAAABmZiiw7ouBVfq3c2yyWTXLhvNMNv5lbWyyYNBZptTDFFlge9CdT4sq2YyE61kSAr3zKZyHtHwt_RVJS-d3luvuY_ah8Q==
100,10-06-2024,00:19:55,gAAAAABmZiqLjO-0s8q8j2TqFXtOjNwI89DumHZlWm94UvH8vsR5Yl4TahEvyOqXyCnija9_eFO6RFKZpELlm9165QXtxKPhNA==,gAAAAABmZiqLxAU-3dD1LCRlxrMnWLwW5y1IvjoutuFoRX7k4XYUF8CvS8kxIdK5j21EN1COJTwu415sfd5Gfk9GGI4KlZfzGQ==,gAAAAABmZiqLb3tn-w6og7PvWIZu-nLCycUffx2sYgLBICB_sqfxP1pg7IqqKclzoJydp8vSgdkPNkQ9n_7aWbVdtIzcb8Wmow==,gAAAAABmZiqLJIPin84TUSEysmEKmDIZ4O3QUzUF-qyBCNghydxoSdlzn0DkeGIu98FP5A4P0-jJhj9zgtpNUGu3ll9d3wUWng==
